EPIC,RA,DEC,Kp,S1,S2,S3,S4,S5,S6,S7,S8,S9,S10,S11,S12,S13,S14,S15,S16,S17,S18,S19,S20,S21,S22,S23,S24,S25,S26,epic_name,tm_name,epic_candname,pl_name,k2c_disp,ra,dec,pl_orbper,pl_tranmid,pl_trandep,pl_trandur,pl_imppar,pl_orbincl,pl_rade,st_teff,st_logg
201126503,175.938421,-5.873002,17.275,0,0,0,0,0,0,0,0,1,0,0,0,0,0,0,0,0,0,0,0,0,0,0,0,0,0,EPIC 201126503,2MASS J11434522-0552228,EPIC 201126503.01,NA,CANDIDATE,175.938416,-5.873002,1.1947488,2456810.382,0.448,0.0804167,0,NA,4.19,3919,NA
201176672,169.150206,-4.656546,13.98,0,0,0,0,0,0,0,0,1,0,0,0,0,0,0,0,0,0,0,0,0,0,0,0,0,0,EPIC 201176672,2MASS J11163606-0439236,EPIC 201176672.01,NA,CANDIDATE,169.150208,-4.656546,79.9999,2456877.8046,NA,0.4896,NA,NA,10.2,4542,4.75
201182911,172.710419,-4.507613,15.516,0,0,0,0,0,0,0,0,1,0,0,0,0,0,0,0,0,0,0,0,0,0,0,0,0,0,EPIC 201182911,2MASS J11305050-0430273,EPIC 201182911.01,NA,CANDIDATE,172.710419,-4.507613,0.99656225,2456811.09,35.5,0.0941667,0.53,NA,32.8,3727,NA
201264302,169.598013,-2.991577,13.879,0,0,0,0,0,0,0,0,1,0,0,0,0,0,0,0,0,0,0,0,0,0,0,0,0,0,EPIC 201264302,2MASS J11182349-0259301,EPIC 201264302.01,NA,CANDIDATE,169.598007,-2.991577,0.21219899,2456810.278,0.0662,0.0216667,0.35,NA,1.05,3468,NA
201264302,169.598013,-2.991577,13.879,0,0,0,0,0,0,0,0,1,0,0,0,0,0,0,0,0,0,0,0,0,0,0,0,0,0,EPIC 201264302,2MASS J11182349-0259301,EPIC 201264302.01,NA,CANDIDATE,169.598007,-2.991577,0.212194,2456812.40015,NA,NA,NA,83.3,0.77,3299,5.11
201270176,170.132598,-2.902582,12.452,0,0,0,0,0,0,0,0,1,0,0,0,0,0,0,0,0,0,0,0,0,0,0,0,0,0,EPIC 201270176,2MASS J11203183-0254093,EPIC 201270176.01,NA,CANDIDATE,170.132599,-2.902582,1.5778643,2456810.434,0.891,0.1258333,0.92,NA,7.55,4811,NA
201270176,170.132598,-2.902582,12.452,0,0,0,0,0,0,0,0,1,0,0,0,0,0,0,0,0,0,0,0,0,0,0,0,0,0,EPIC 201270176,2MASS J11203183-0254093,EPIC 201270176.01,NA,CANDIDATE,170.132599,-2.902582,1.57771549,2456818.326995,1.823,0.1285833,NA,NA,NA,NA,NA
201270464,170.13348,-2.898169,9.392,0,0,0,0,0,0,0,0,1,0,0,0,0,0,0,0,0,0,0,0,0,0,0,0,0,0,EPIC 201270464,2MASS J11203204-0253534,EPIC 201270464.01,NA,CANDIDATE,170.133484,-2.898169,1.57771549,2456818.327691,0.875,0.1247083,NA,NA,NA,NA,NA
202086968,97.00563,16.38885,12.4,0,0,0,0,0,1,0,0,0,0,0,0,0,0,0,0,0,0,0,0,0,0,0,0,0,0,EPIC 202086968,2MASS J06280135+1623198,EPIC 202086968.01,NA,CANDIDATE,97.00563,16.388849,1.8490876,2456772.183,2.74,0.13,0.97,NA,17.3,5693,NA
202088212,95.6413,14.74177,11.6,0,0,0,0,0,1,0,0,0,0,0,0,0,0,0,0,0,0,0,0,0,0,0,0,0,0,EPIC 202088212,2MASS J06223391+1444303,EPIC 202088212.01,NA,CANDIDATE,95.641296,14.74177,2.620724,2456772.299,0.889,0.1025,0.91,NA,11.7,6013,NA
202088212,95.6413,14.74177,11.6,0,0,0,0,0,1,0,0,0,0,0,0,0,0,0,0,0,0,0,0,0,0,0,0,0,0,EPIC 202088212,2MASS J06223391+1444303,EPIC 202088212.01,NA,CANDIDATE,95.641296,14.74177,2.62077,2456769.67792,NA,0.088,NA,NA,58,6302,4.23
202093020,98.27432,16.87024,14.8,0,0,0,0,0,1,0,0,0,0,0,0,0,0,0,0,0,0,0,0,0,0,0,0,0,0,EPIC 202093020,2MASS J06330583+1652128,EPIC 202093020.01,NA,CANDIDATE,98.274323,16.870239,4.1376047,2456774.311,0.911,0.0729167,0.74,NA,7.33,4581,NA
202565282,247.426053,-29.201726,15.112,0,0,0,0,0,0,0,0,0,0,0,1,0,0,0,0,0,0,0,0,0,0,0,0,0,0,EPIC 202565282,2MASS J16294225-2912062,EPIC 202565282.01,NA,CANDIDATE,247.426056,-29.201727,11.97495,2456900.74971,NA,0.28275,NA,NA,256,5200,3.32
202565282,247.426053,-29.201726,15.112,0,0,0,0,0,0,0,0,0,0,0,1,0,0,0,0,0,0,0,0,0,0,0,0,0,0,EPIC 202565282,2MASS J16294225-2912062,EPIC 202565282.01,NA,CANDIDATE,247.426056,-29.201727,11.975818,2456900.746,7.83,0.285,0.75,NA,8.43,3320,NA
202634963,242.897897,-28.934636,12.1,0,0,0,0,0,0,0,0,0,0,0,1,0,0,0,0,0,0,0,0,0,0,0,0,0,0,EPIC 202634963,2MASS J16113549-2856046,EPIC 202634963.01,NA,CANDIDATE,242.897903,-28.934635,28.707623,2456920.11,3.57,0.1504167,0.82,NA,21.2,5838,NA
202675839,243.842095,-28.780161,12.362,0,0,0,0,0,0,0,0,0,0,0,1,0,0,0,0,0,0,0,0,0,0,0,0,0,0,EPIC 202675839,2MASS J16152210-2846485,EPIC 202675839.01,NA,CANDIDATE,243.842102,-28.780161,15.466674,2456898.8485,NA,NA,NA,85.475,16.121,5807,4.25
202675839,243.842095,-28.780161,12.362,0,0,0,0,0,0,0,0,0,0,0,1,0,0,0,0,0,0,0,0,0,0,0,0,0,0,EPIC 202675839,2MASS J16152210-2846485,EPIC 202675839.01,NA,CANDIDATE,243.842102,-28.780161,15.4715,2456898.8347,NA,0.1512,NA,NA,9.2,5791,4
202675839,243.842095,-28.780161,12.362,0,0,0,0,0,0,0,0,0,0,0,1,0,0,0,0,0,0,0,0,0,0,0,0,0,0,EPIC 202675839,2MASS J16152210-2846485,EPIC 202675839.01,NA,CANDIDATE,243.842102,-28.780161,15.465691,2456898.85,0.249,0.1283333,0.68,NA,4.13,4989,NA
202688980,244.220774,-28.730322,11.772,0,0,0,0,0,0,0,0,0,0,0,1,0,0,0,0,0,0,0,0,0,0,0,0,0,0,EPIC 202688980,2MASS J16165298-2843493,EPIC 202688980.01,NA,CANDIDATE,244.220779,-28.730322,1.4556637,2456896.637017,2.958,0.1046667,NA,NA,NA,NA,NA
202710713,244.066902,-28.649133,12.237,0,0,0,0,0,0,0,0,0,0,0,1,0,0,0,0,0,0,0,0,0,0,0,0,0,0,EPIC 202710713,2MASS J16161605-2838569,EPIC 202710713.01,NA,CANDIDATE,244.066895,-28.649134,3.32592848,2456898.702898,0.091,0.1939583,NA,NA,NA,NA,NA
202710713,244.066902,-28.649133,12.237,0,0,0,0,0,0,0,0,0,0,0,1,0,0,0,0,0,0,0,0,0,0,0,0,0,0,EPIC 202710713,2MASS J16161605-2838569,EPIC 202710713.01,NA,CANDIDATE,244.066895,-28.649134,3.3262396,2456895.376,0.101,0.2420833,0.95,NA,1.16,3404,NA
202821899,249.160014,-28.239061,12.577,0,0,0,0,0,0,0,0,0,0,0,1,0,0,0,0,0,0,0,0,0,0,0,0,0,0,EPIC 202821899,2MASS J16363840-2814205,EPIC 202821899.01,NA,CANDIDATE,249.160019,-28.239061,4.474513,2456895.68804,NA,NA,NA,87.804,8.169,6081,3.88
202821899,249.160014,-28.239061,12.577,0,0,0,0,0,0,0,0,0,0,0,1,0,0,0,0,0,0,0,0,0,0,0,0,0,0,EPIC 202821899,2MASS J16363840-2814205,EPIC 202821899.01,NA,CANDIDATE,249.160019,-28.239061,4.4743465,2456895.689,0.12,0.0833333,0.48,NA,3.06,5248,NA
202843107,245.547787,-28.161823,11.829,0,0,0,0,0,0,0,0,0,0,0,1,0,0,0,0,0,0,0,0,0,0,0,0,0,0,EPIC 202843107,2MASS J16221147-2809426,EPIC 202843107.01,NA,CANDIDATE,245.547791,-28.161823,2.1989041,2456896.495,32.4,0.2845833,0.6,NA,46.6,4938,NA
202893157,246.559179,-27.983086,14.421,0,0,0,0,0,0,0,0,0,0,0,1,0,0,0,0,0,0,0,0,0,0,0,0,0,0,EPIC 202893157,2MASS J16261420-2758590,EPIC 202893157.01,NA,CANDIDATE,246.559174,-27.983086,4.1657292,2456894.444,0.227,0.1029167,0.85,NA,1.86,3442,NA
202900527,246.81115,-27.957049,12.303,0,0,0,0,0,0,0,0,0,0,0,1,0,0,0,0,0,0,0,0,0,0,0,0,0,0,EPIC 202900527,2MASS J16271467-2757252,EPIC 202900527.01,K2-51 b,CANDIDATE,246.811157,-27.957048,13.008383,2456905.75711,NA,NA,NA,89.033,15.651,5526,4.29
203099398,243.813044,-27.261664,10.634,0,0,0,0,0,0,0,0,0,0,0,1,0,0,0,0,0,0,0,0,0,0,0,0,0,0,EPIC 203099398,2MASS J16151515-2715418,EPIC 203099398.01,NA,CANDIDATE,243.813049,-27.261663,1.8389349,2456896.018,0.0177,0.0595833,0.17,NA,0.837,3930,NA
203294831,239.87921,-26.604367,11.571,0,0,0,0,0,0,0,0,0,0,0,1,0,0,0,0,0,0,0,0,0,0,0,0,0,0,EPIC 203294831,2MASS J15593100-2636154,EPIC 203294831.01,NA,CANDIDATE,239.879211,-26.604366,1.859017,2456893.66574,NA,0.13392,NA,NA,64,6842,4.01
203294831,239.87921,-26.604367,11.571,0,0,0,0,0,0,0,0,0,0,0,1,0,0,0,0,0,0,0,0,0,0,0,0,0,0,EPIC 203294831,2MASS J15593100-2636154,EPIC 203294831.01,NA,CANDIDATE,239.879211,-26.604366,1.8590179,2456895.525,4.44,0.14,0.9,NA,30.5,6244,NA
203294831,239.87921,-26.604367,11.571,0,0,0,0,0,0,0,0,0,0,0,1,0,0,0,0,0,0,0,0,0,0,0,0,0,0,EPIC 203294831,2MASS J15593100-2636154,EPIC 203294831.01,NA,CANDIDATE,239.879211,-26.604366,1.85872487,2456897.387822,4.143,0.133875,NA,NA,NA,NA,NA
205703094,247.33893,-15.646748,12.514,0,0,0,0,0,0,0,0,0,0,0,0,0,0,0,0,0,0,0,0,0,0,0,0,1,0,EPIC 205703094,2MASS J16292134-1538482,EPIC 205703094.01,NA,CANDIDATE,247.338928,-15.646748,8.1191,2456895.8169,NA,0.121,NA,NA,57,6040,4.32
205703094,247.33893,-15.646748,12.514,0,0,0,0,0,0,0,0,0,0,0,0,0,0,0,0,0,0,0,0,0,0,0,0,1,0,EPIC 205703094,2MASS J16292134-1538482,EPIC 205703094.02,NA,CANDIDATE,247.338928,-15.646748,16.235,2456899.889,NA,0.246,NA,NA,11,6040,4.32
205947161,340.959693,-16.462458,11.16,0,1,0,0,0,0,0,0,0,0,0,0,0,0,0,0,0,0,0,0,0,0,0,0,0,0,EPIC 205947161,2MASS J22435033-1627449,EPIC 205947161.01,NA,CANDIDATE,340.959686,-16.462458,17.72507,2456989.1963,NA,0.06513,NA,NA,45,6189,4.15
205947161,340.959693,-16.462458,11.16,0,1,0,0,0,0,0,0,0,0,0,0,0,0,0,0,0,0,0,0,0,0,0,0,0,0,EPIC 205947161,2MASS J22435033-1627449,EPIC 205947161.01,NA,CANDIDATE,340.959686,-16.462458,17.725837,2456989.194,0.299,0.0675,0.93,NA,6.63,5971,NA
205957328,339.902444,-16.129775,12.464,0,1,0,0,0,0,0,0,0,0,0,0,0,0,0,0,0,0,0,0,0,0,0,0,0,0,EPIC 205957328,2MASS J22393657-1607471,EPIC 205957328.01,NA,CANDIDATE,339.902435,-16.129774,14.353347,2456981.588,0.0648,0.1354167,0.55,NA,2.19,5162,NA
205957328,339.902444,-16.129775,12.464,0,1,0,0,0,0,0,0,0,0,0,0,0,0,0,0,0,0,0,0,0,0,0,0,0,0,EPIC 205957328,2MASS J22393657-1607471,EPIC 205957328.01,NA,CANDIDATE,339.902435,-16.129774,14.353438,2456981.58551,NA,NA,NA,88.995,2.16,5317,4.59
205976958,339.309679,-15.514149,15.557,0,1,0,0,0,0,0,0,0,0,0,0,0,0,0,0,0,0,0,0,0,0,0,0,0,0,EPIC 205976958,2MASS J22371431-1530508,EPIC 205976958.01,NA,CANDIDATE,339.309692,-15.514149,2.3181466,2456980.703,0.157,0.07875,0.49,NA,2.9,4343,NA
205996447,339.726635,-14.925673,15.262,0,1,0,0,0,0,0,0,0,0,0,0,0,0,0,0,0,0,0,0,0,0,0,0,0,0,EPIC 205996447,2MASS J22385437-1455325,EPIC 205996447.01,NA,CANDIDATE,339.726624,-14.925673,0.80032756,2456980.092,10.4,0.0833333,0.77,NA,21.3,4028,NA
210365511,60.092362,12.633847,12.439,0,0,0,0,1,0,0,0,0,0,0,0,0,0,0,0,0,0,0,0,0,0,0,0,0,0,EPIC 210365511,2MASS J04002214+1238018,EPIC 210365511.01,NA,CANDIDATE,60.092361,12.633847,3.951971,2457067.61666,NA,NA,NA,38.938,8.446,4672,4.63
210389383,62.603675,13.217711,12.752,0,0,0,0,1,0,0,0,0,0,0,0,0,0,0,0,0,0,0,0,0,0,0,0,0,0,EPIC 210389383,2MASS J04102487+1313037,EPIC 210389383.01,NA,CANDIDATE,62.603676,13.217711,14.08549,2457069.77715,NA,0.26508,NA,NA,21.1,5970,4.16
210414957,64.325266,13.804842,12.655,0,0,0,0,1,0,0,0,0,0,0,0,0,0,0,0,0,0,0,0,0,0,0,0,0,0,EPIC 210414957,2MASS J04171805+1348175,EPIC 210414957.01,NA,CANDIDATE,64.325264,13.804842,0.96997227,2457062.192319,0.549,0.0912917,NA,NA,NA,NA,NA
210414957,64.325266,13.804842,12.655,0,0,0,0,1,0,0,0,0,0,0,0,0,0,0,0,0,0,0,0,0,0,0,0,0,0,EPIC 210414957,2MASS J04171805+1348175,EPIC 210414957.01,NA,CANDIDATE,64.325264,13.804842,0.969967,2457065.10132,NA,0,NA,NA,59,5272,4.04
210423938,60.372361,14.000156,12.655,0,0,0,0,1,0,0,0,0,0,0,0,0,0,0,0,0,0,0,0,0,0,0,0,0,0,EPIC 210423938,2MASS J04012935+1400006,EPIC 210423938.01,NA,CANDIDATE,60.37236,14.000156,19.860476,2457072.01609,NA,NA,NA,88.985,2.083,4760,4.69
210472483,64.285893,14.936378,13.179,0,0,0,0,1,0,0,0,0,0,0,0,0,0,0,0,0,0,0,0,0,0,0,0,0,0,EPIC 210472483,2MASS J04170860+1456110,EPIC 210472483.01,NA,CANDIDATE,64.285896,14.936378,1.1430018,2457062.307061,4.202,0.1939167,NA,NA,NA,NA,NA
211314705,129.129927,10.14728,14.422,0,0,0,0,0,0,1,0,0,0,0,0,0,0,0,0,0,0,0,0,0,0,0,0,0,0,EPIC 211314705,2MASS J08363117+1008501,EPIC 211314705.01,NA,CANDIDATE,129.129929,10.14728,3.794,2457140.224,0.1007,0.05792,0,NA,NA,NA,NA
211328748,130.2354,10.422378,9.947,0,0,0,0,0,0,1,0,0,0,0,0,0,0,0,0,0,0,0,0,0,0,0,0,0,0,EPIC 211328748,2MASS J08405648+1025205,EPIC 211328748.01,NA,CANDIDATE,130.235397,10.422378,17.178,2457139.95,0.0219,0.10217,0,NA,NA,NA,NA
211328748,130.235394,10.422378,9.947,0,0,0,0,0,0,1,0,0,0,0,0,0,0,0,0,0,0,0,0,0,0,0,0,0,0,EPIC 211328748,2MASS J08405648+1025205,EPIC 211328748.01,NA,CANDIDATE,130.235397,10.422378,17.178,2457139.95,0.0219,0.10217,0,NA,NA,NA,NA
211333233,126.898155,10.506562,9.653,0,0,0,0,0,0,1,0,0,0,0,0,0,0,0,0,0,0,0,0,0,0,0,0,0,0,EPIC 211333233,2MASS J08273555+1030237,EPIC 211333233.01,NA,CANDIDATE,126.898155,10.506562,5.409,2457142.885,0.0172,0.09767,0.028,NA,NA,NA,NA
211335816,126.624016,10.5554,11.929,0,0,0,0,0,0,1,0,0,0,0,0,0,0,0,0,0,0,0,0,0,0,0,0,0,0,EPIC 211335816,2MASS J08262978+1033193,EPIC 211335816.01,NA,CANDIDATE,126.624016,10.5554,4.99,2457140.02,0.1907,0.03592,0.487,NA,NA,NA,NA
211335816,126.624017,10.5554,11.929,0,0,0,0,0,0,1,0,0,0,0,0,0,0,0,0,0,0,0,0,0,0,0,0,0,0,EPIC 211335816,2MASS J08262978+1033193,EPIC 211335816.01,NA,CANDIDATE,126.624016,10.5554,4.99,2457140.02,0.1907,0.03592,0.487,NA,NA,NA,NA
211342524,128.098694,10.677239,12.406,0,0,0,0,0,0,1,0,0,0,0,0,0,0,0,0,0,0,0,0,0,0,0,0,0,0,EPIC 211342524,2MASS J08322368+1040380,EPIC 211342524.01,NA,CANDIDATE,128.098694,10.677239,14.448767,2457149.36773,NA,0.1562,0.98,NA,44.2,NA,NA
211342524,128.098694,10.677239,12.406,0,0,0,0,0,0,1,0,0,0,0,0,0,0,0,0,0,0,0,0,0,0,0,0,0,0,EPIC 211342524,2MASS J08322368+1040380,EPIC 211342524.01,NA,CANDIDATE,128.098694,10.677239,14.4518248,2457149.361472,4.465,0.1511667,NA,NA,NA,NA,NA
211342524,128.098694,10.677239,12.406,0,0,0,0,0,0,1,0,0,0,0,0,0,0,0,0,0,0,0,0,0,0,0,0,0,0,EPIC 211342524,2MASS J08322368+1040380,EPIC 211342524.01,NA,CANDIDATE,128.098694,10.677239,14.449,2457149.367,9.1939,0.02479,0.991,NA,NA,NA,NA
211342524,128.0987,10.677239,12.406,0,0,0,0,0,0,1,0,0,0,0,0,0,0,0,0,0,0,0,0,0,0,0,0,0,0,EPIC 211342524,2MASS J08322368+1040380,EPIC 211342524.01,NA,CANDIDATE,128.098694,10.677239,14.448767,2457149.36773,NA,0.1562,0.98,NA,44.2,NA,NA
211342524,128.0987,10.677239,12.406,0,0,0,0,0,0,1,0,0,0,0,0,0,0,0,0,0,0,0,0,0,0,0,0,0,0,EPIC 211342524,2MASS J08322368+1040380,EPIC 211342524.01,NA,CANDIDATE,128.098694,10.677239,14.4518248,2457149.361472,4.465,0.1511667,NA,NA,NA,NA,NA
211342524,128.0987,10.677239,12.406,0,0,0,0,0,0,1,0,0,0,0,0,0,0,0,0,0,0,0,0,0,0,0,0,0,0,EPIC 211342524,2MASS J08322368+1040380,EPIC 211342524.01,NA,CANDIDATE,128.098694,10.677239,14.449,2457149.367,9.1939,0.02479,0.991,NA,NA,NA,NA
211365543,127.45344,11.085656,12.059,0,0,0,0,0,0,1,0,0,0,0,0,0,0,0,0,0,0,0,0,0,0,0,0,0,0,EPIC 211365543,2MASS J08294882+1105083,EPIC 211365543.01,NA,CANDIDATE,127.453438,11.085656,5.264,2457143.676,0.0096,0.17437,0.148,NA,NA,NA,NA
211365543,127.453439,11.085656,12.059,0,0,0,0,0,0,1,0,0,0,0,0,0,0,0,0,0,0,0,0,0,0,0,0,0,0,EPIC 211365543,2MASS J08294882+1105083,EPIC 211365543.01,NA,CANDIDATE,127.453438,11.085656,5.264,2457143.676,0.0096,0.17437,0.148,NA,NA,NA,NA
211375488,130.836782,11.24812,17.492,0,0,0,0,0,0,1,0,0,0,0,0,0,0,0,0,0,0,0,0,0,0,0,0,0,0,EPIC 211375488,2MASS J08432082+1114532,EPIC 211375488.01,NA,CANDIDATE,130.836777,11.24812,4.166738,2457143.81265,NA,0.1138,1.26,NA,94.8,NA,NA
211375488,130.836782,11.24812,17.492,0,0,0,0,0,0,1,0,0,0,0,0,0,0,0,0,0,0,0,0,0,0,0,0,0,0,EPIC 211375488,2MASS J08432082+1114532,EPIC 211375488.01,NA,CANDIDATE,130.836777,11.24812,2.084,2457141.721,0.2385,0.08146,0.109,NA,NA,NA,NA
211383821,131.041354,11.385502,14.044,0,0,0,0,0,0,1,0,0,0,0,0,0,0,0,0,0,0,0,0,0,0,0,0,0,0,EPIC 211383821,2MASS J08440991+1123078,EPIC 211383821.01,NA,CANDIDATE,131.041351,11.385502,1.56706496,2457143.288349,0.049,0.0893333,NA,NA,NA,NA,NA
211383821,131.041354,11.385502,14.044,0,0,0,0,0,0,1,0,0,0,0,0,0,0,0,0,0,0,0,0,0,0,0,0,0,0,EPIC 211383821,2MASS J08440991+1123078,EPIC 211383821.01,NA,CANDIDATE,131.041351,11.385502,1.567,2457140.162,0.0326,0.07283,0.093,NA,NA,NA,NA
211383821,131.04135,11.385502,14.044,0,0,0,0,0,0,1,0,0,0,0,0,0,0,0,0,0,0,0,0,0,0,0,0,0,0,EPIC 211383821,2MASS J08440991+1123078,EPIC 211383821.01,NA,CANDIDATE,131.041351,11.385502,1.56706496,2457143.288349,0.049,0.0893333,NA,NA,NA,NA,NA
211383821,131.04135,11.385502,14.044,0,0,0,0,0,0,1,0,0,0,0,0,0,0,0,0,0,0,0,0,0,0,0,0,0,0,EPIC 211383821,2MASS J08440991+1123078,EPIC 211383821.01,NA,CANDIDATE,131.041351,11.385502,1.567,2457140.162,0.0326,0.07283,0.093,NA,NA,NA,NA
211390903,132.27809,11.498017,12.97,0,0,0,0,0,0,1,0,0,0,0,0,0,0,0,0,0,0,0,0,0,0,0,0,0,0,EPIC 211390903,2MASS J08490674+1129529,EPIC 211390903.01,NA,CANDIDATE,132.278091,11.498017,7.757595,2457147.80605,0.075,NA,NA,89.17,1.95,NA,NA
211390903,132.278091,11.498017,12.97,0,0,0,0,0,0,1,0,0,0,0,0,0,0,0,0,0,0,0,0,0,0,0,0,0,0,EPIC 211390903,2MASS J08490674+1129529,EPIC 211390903.01,NA,CANDIDATE,132.278091,11.498017,7.757595,2457147.80605,0.075,NA,NA,89.17,1.95,NA,NA
211399359,128.067142,11.630727,14.424,0,0,0,0,0,0,1,0,0,0,0,0,0,0,0,0,0,0,0,0,0,0,0,0,0,0,EPIC 211399359,2MASS J08321610+1137504,EPIC 211399359.01,NA,CANDIDATE,128.067139,11.630727,3.115,2457141.418,2.3415,0.083,0.049,NA,NA,NA,NA
211399359,128.067142,11.630727,14.424,0,0,0,0,0,0,1,0,0,0,0,0,0,0,0,0,0,0,0,0,0,0,0,0,0,0,EPIC 211399359,2MASS J08321610+1137504,EPIC 211399359.01,NA,CANDIDATE,128.067139,11.630727,3.11491262,2457144.531723,2.698,0.0989583,NA,NA,NA,NA,NA
211399359,128.067142,11.630727,14.424,0,0,0,0,0,0,1,0,0,0,0,0,0,0,0,0,0,0,0,0,0,0,0,0,0,0,EPIC 211399359,2MASS J08321610+1137504,EPIC 211399359.01,NA,CANDIDATE,128.067139,11.630727,3.114878,2457144.53308,NA,0.0983,0.1,NA,12.5,NA,NA
211399359,128.06714,11.630727,14.424,0,0,0,0,0,0,1,0,0,0,0,0,0,0,0,0,0,0,0,0,0,0,0,0,0,0,EPIC 211399359,2MASS J08321610+1137504,EPIC 211399359.01,NA,CANDIDATE,128.067139,11.630727,3.115,2457141.418,2.3415,0.083,0.049,NA,NA,NA,NA
211399359,128.06714,11.630727,14.424,0,0,0,0,0,0,1,0,0,0,0,0,0,0,0,0,0,0,0,0,0,0,0,0,0,0,EPIC 211399359,2MASS J08321610+1137504,EPIC 211399359.01,NA,CANDIDATE,128.067139,11.630727,3.11491262,2457144.531723,2.698,0.0989583,NA,NA,NA,NA,NA
211399359,128.06714,11.630727,14.424,0,0,0,0,0,0,1,0,0,0,0,0,0,0,0,0,0,0,0,0,0,0,0,0,0,0,EPIC 211399359,2MASS J08321610+1137504,EPIC 211399359.01,NA,CANDIDATE,128.067139,11.630727,3.114878,2457144.53308,NA,0.0983,0.1,NA,12.5,NA,NA
211401787,126.89696000000001,11.667474,9.709,0,0,0,0,0,0,1,0,0,0,0,0,0,0,0,0,0,0,0,0,0,0,0,0,0,0,EPIC 211401787,2MASS J08273526+1140030,EPIC 211401787.01,NA,CANDIDATE,126.896957,11.667474,13.773,2457151.069,0.0245,0.17963,0.146,NA,NA,NA,NA
211401787,126.89696000000001,11.667474,9.709,0,0,0,0,0,0,1,0,0,0,0,0,0,0,0,0,0,0,0,0,0,0,0,0,0,0,EPIC 211401787,2MASS J08273526+1140030,EPIC 211401787.01,NA,CANDIDATE,126.896957,11.667474,13.773826,2457151.06849,NA,NA,NA,88.634,3.295,6114,4.01
211401787,126.89696000000001,11.667474,9.709,0,0,0,0,0,0,1,0,0,0,0,0,0,0,0,0,0,0,0,0,0,0,0,0,0,0,EPIC 211401787,2MASS J08273526+1140030,EPIC 211401787.01,NA,CANDIDATE,126.896957,11.667474,13.772626,2457151.06946,NA,0.1892,0.43,NA,2.2,NA,NA
211401787,126.896955,11.667474,9.709,0,0,0,0,0,0,1,0,0,0,0,0,0,0,0,0,0,0,0,0,0,0,0,0,0,0,EPIC 211401787,2MASS J08273526+1140030,EPIC 211401787.01,NA,CANDIDATE,126.896957,11.667474,13.773,2457151.069,0.0245,0.17963,0.146,NA,NA,NA,NA
211401787,126.896955,11.667474,9.709,0,0,0,0,0,0,1,0,0,0,0,0,0,0,0,0,0,0,0,0,0,0,0,0,0,0,EPIC 211401787,2MASS J08273526+1140030,EPIC 211401787.01,NA,CANDIDATE,126.896957,11.667474,13.773826,2457151.06849,NA,NA,NA,88.634,3.295,6114,4.01
211401787,126.896955,11.667474,9.709,0,0,0,0,0,0,1,0,0,0,0,0,0,0,0,0,0,0,0,0,0,0,0,0,0,0,EPIC 211401787,2MASS J08273526+1140030,EPIC 211401787.01,NA,CANDIDATE,126.896957,11.667474,13.772626,2457151.06946,NA,0.1892,0.43,NA,2.2,NA,NA
211413463,128.91489,11.843622,17.303,0,0,0,0,0,0,1,0,0,0,0,0,0,0,0,0,0,0,0,0,0,0,0,0,0,0,EPIC 211413463,2MASS J08353957+1150370,EPIC 211413463.01,NA,CANDIDATE,128.914886,11.843622,3.25182,2457143.93758,NA,0.1133,1.37,NA,33.2,NA,NA
211413463,128.914889,11.843622,17.303,0,0,0,0,0,0,1,0,0,0,0,0,0,0,0,0,0,0,0,0,0,0,0,0,0,0,EPIC 211413463,2MASS J08353957+1150370,EPIC 211413463.01,NA,CANDIDATE,128.914886,11.843622,3.25182,2457143.93758,NA,0.1133,1.37,NA,33.2,NA,NA
211418290,129.302304,11.915721,11.504,0,0,0,0,0,0,1,0,0,0,0,0,0,0,0,0,0,0,0,0,0,0,0,0,0,0,EPIC 211418290,2MASS J08371255+1154567,EPIC 211418290.01,NA,CANDIDATE,129.302307,11.915721,5.03207,2457141.80704,NA,NA,NA,88.411,36.71,5070,3.25
211418290,129.3023,11.915721,11.504,0,0,0,0,0,0,1,0,0,0,0,0,0,0,0,0,0,0,0,0,0,0,0,0,0,0,EPIC 211418290,2MASS J08371255+1154567,EPIC 211418290.01,NA,CANDIDATE,129.302307,11.915721,5.03207,2457141.80704,NA,NA,NA,88.411,36.71,5070,3.25
211424769,128.85268,12.01165,9.438,0,0,0,0,0,0,1,0,0,0,0,0,0,0,0,0,0,0,0,0,0,0,0,0,0,0,EPIC 211424769,2MASS J08352466+1200420,EPIC 211424769.01,NA,CANDIDATE,128.852676,12.01165,5.176,2457144.498,0.3485,0.04371,0.157,NA,NA,NA,NA
211424769,128.85268,12.01165,9.438,0,0,0,0,0,0,1,0,0,0,0,0,0,0,0,0,0,0,0,0,0,0,0,0,0,0,EPIC 211424769,2MASS J08352466+1200420,EPIC 211424769.01,NA,CANDIDATE,128.852676,12.01165,5.176243,2457144.49837,NA,NA,NA,85.085,19.443,6185,4.34
211424769,128.852684,12.01165,9.438,0,0,0,0,0,0,1,0,0,0,0,0,0,0,0,0,0,0,0,0,0,0,0,0,0,0,EPIC 211424769,2MASS J08352466+1200420,EPIC 211424769.01,NA,CANDIDATE,128.852676,12.01165,5.176,2457144.498,0.3485,0.04371,0.157,NA,NA,NA,NA
211424769,128.852684,12.01165,9.438,0,0,0,0,0,0,1,0,0,0,0,0,0,0,0,0,0,0,0,0,0,0,0,0,0,0,EPIC 211424769,2MASS J08352466+1200420,EPIC 211424769.01,NA,CANDIDATE,128.852676,12.01165,5.176243,2457144.49837,NA,NA,NA,85.085,19.443,6185,4.34
211428897,128.85754,12.075844,13.205,0,0,0,0,0,0,1,0,0,0,0,0,0,0,0,0,0,0,0,0,0,0,0,0,0,0,EPIC 211428897,2MASS J08352583+1204334,EPIC 211428897.02,NA,CANDIDATE,128.857544,12.075844,2.17807,2457143.647,NA,NA,NA,89.22,0.65,NA,NA
211428897,128.85754,12.075844,13.205,0,0,0,0,0,0,1,0,0,0,0,0,0,0,0,0,0,0,0,0,0,0,0,0,0,0,EPIC 211428897,2MASS J08352583+1204334,EPIC 211428897.02,NA,CANDIDATE,128.857544,12.075844,2.177846,2457143.65352,NA,0.0537,0.52,NA,1.2,NA,NA
211428897,128.85754,12.075844,13.205,0,0,0,0,0,0,1,0,0,0,0,0,0,0,0,0,0,0,0,0,0,0,0,0,0,0,EPIC 211428897,2MASS J08352583+1204334,EPIC 211428897.01,NA,CANDIDATE,128.857544,12.075844,1.61092,2457142.275,NA,NA,NA,89.09,0.75,NA,NA
211428897,128.85754,12.075844,13.205,0,0,0,0,0,0,1,0,0,0,0,0,0,0,0,0,0,0,0,0,0,0,0,0,0,0,EPIC 211428897,2MASS J08352583+1204334,EPIC 211428897.01,NA,CANDIDATE,128.857544,12.075844,1.611,2457140.661,0.0517,0.04412,0,NA,NA,NA,NA
211428897,128.85754,12.075844,13.205,0,0,0,0,0,0,1,0,0,0,0,0,0,0,0,0,0,0,0,0,0,0,0,0,0,0,EPIC 211428897,2MASS J08352583+1204334,EPIC 211428897.01,NA,CANDIDATE,128.857544,12.075844,1.610911,2457142.27594,NA,0.0446,0.53,NA,1.5,NA,NA
211428897,128.85754,12.075844,13.205,0,0,0,0,0,0,1,0,0,0,0,0,0,0,0,0,0,0,0,0,0,0,0,0,0,0,EPIC 211428897,2MASS J08352583+1204334,EPIC 211428897.03,NA,CANDIDATE,128.857544,12.075844,4.96883,2457173.523,NA,NA,NA,89.53,0.67,NA,NA
211428897,128.857549,12.075844,13.205,0,0,0,0,0,0,1,0,0,0,0,0,0,0,0,0,0,0,0,0,0,0,0,0,0,0,EPIC 211428897,2MASS J08352583+1204334,EPIC 211428897.02,NA,CANDIDATE,128.857544,12.075844,2.17807,2457143.647,NA,NA,NA,89.22,0.65,NA,NA
211428897,128.857549,12.075844,13.205,0,0,0,0,0,0,1,0,0,0,0,0,0,0,0,0,0,0,0,0,0,0,0,0,0,0,EPIC 211428897,2MASS J08352583+1204334,EPIC 211428897.02,NA,CANDIDATE,128.857544,12.075844,2.177846,2457143.65352,NA,0.0537,0.52,NA,1.2,NA,NA
211428897,128.857549,12.075844,13.205,0,0,0,0,0,0,1,0,0,0,0,0,0,0,0,0,0,0,0,0,0,0,0,0,0,0,EPIC 211428897,2MASS J08352583+1204334,EPIC 211428897.01,NA,CANDIDATE,128.857544,12.075844,1.61092,2457142.275,NA,NA,NA,89.09,0.75,NA,NA
211428897,128.857549,12.075844,13.205,0,0,0,0,0,0,1,0,0,0,0,0,0,0,0,0,0,0,0,0,0,0,0,0,0,0,EPIC 211428897,2MASS J08352583+1204334,EPIC 211428897.01,NA,CANDIDATE,128.857544,12.075844,1.611,2457140.661,0.0517,0.04412,0,NA,NA,NA,NA
211428897,128.857549,12.075844,13.205,0,0,0,0,0,0,1,0,0,0,0,0,0,0,0,0,0,0,0,0,0,0,0,0,0,0,EPIC 211428897,2MASS J08352583+1204334,EPIC 211428897.01,NA,CANDIDATE,128.857544,12.075844,1.610911,2457142.27594,NA,0.0446,0.53,NA,1.5,NA,NA
211428897,128.857549,12.075844,13.205,0,0,0,0,0,0,1,0,0,0,0,0,0,0,0,0,0,0,0,0,0,0,0,0,0,0,EPIC 211428897,2MASS J08352583+1204334,EPIC 211428897.03,NA,CANDIDATE,128.857544,12.075844,4.96883,2457173.523,NA,NA,NA,89.53,0.67,NA,NA
212194007,134.337685,24.114152,12.824,0,0,0,0,0,0,0,0,0,0,0,0,0,0,0,0,0,0,0,0,1,0,0,0,0,0,EPIC 212194007,2MASS J08572104+2406507,EPIC 212194007.01,NA,CANDIDATE,134.337692,24.114153,1.17715,2458095.9442,29.4749,0.1635,NA,NA,NA,6390,3.85
212204403,130.878346,24.423111,12.482,0,0,0,0,0,0,0,0,0,0,0,0,0,0,0,0,0,0,0,0,1,0,0,0,0,0,EPIC 212204403,2MASS J08433079+2425234,EPIC 212204403.01,NA,CANDIDATE,130.878342,24.423111,4.688625,2458096.7131,0.1777,0.0964,NA,NA,3.8,5220,4.54
212204403,130.878346,24.423111,12.482,0,0,0,0,0,0,0,0,0,0,0,0,0,0,0,0,0,0,0,0,1,0,0,0,0,0,EPIC 212204403,2MASS J08433079+2425234,EPIC 212204403.02,NA,CANDIDATE,130.878342,24.423111,12.550896,2458104.42819,0.0858,0.1179,NA,NA,2.6,5220,4.54
212207368,131.055458,24.517391,15.626,0,0,0,0,0,0,0,0,0,0,0,0,0,0,0,0,0,0,0,0,1,0,0,0,0,0,EPIC 212207368,2MASS J08441331+2431034,EPIC 212207368.01,NA,CANDIDATE,131.05545,24.517391,1.190316,2458096.29198,1.4098,0.1358,NA,NA,NA,3420,4.92
212219881,131.77479400000001,24.939606,15.147,0,0,0,0,0,0,0,0,0,0,0,0,0,0,0,0,0,0,0,0,1,0,0,0,0,0,EPIC 212219881,2MASS J08470596+2456227,EPIC 212219881.01,NA,CANDIDATE,131.774796,24.939606,6.924808,2458097.18479,0.9578,0.1189,NA,NA,8.5,5300,4.55
212223307,131.067414,25.07574,10.962,0,0,0,0,0,0,0,0,0,0,0,0,0,0,0,0,0,0,0,0,1,0,0,0,0,0,EPIC 212223307,2MASS J08441618+2504326,EPIC 212223307.01,NA,CANDIDATE,131.067413,25.075741,1.190354,2458096.29164,36.3154,0.1635,NA,NA,NA,6350,3.88
212227092,132.092362,25.243338,16.226,0,0,0,0,0,0,0,0,0,0,0,0,0,0,0,0,0,0,0,0,1,0,0,0,0,0,EPIC 212227092,2MASS J08482216+2514360,EPIC 212227092.01,NA,CANDIDATE,132.092361,25.243338,5.190254,2458099.42803,69.6741,0.1317,NA,NA,NA,3120,3.97
212228994,131.653493,25.337463,13.553,0,0,0,0,0,0,0,0,0,0,0,0,0,0,0,0,0,0,0,0,1,0,0,0,0,0,EPIC 212228994,2MASS J08463683+2520149,EPIC 212228994.01,NA,CANDIDATE,131.653488,25.337463,1.095841,2458096.34496,0.3489,0.0796,NA,NA,NA,5920,4
212294561,205.14711,-17.69527,13.149,0,0,0,0,0,0,0,0,0,1,0,0,0,0,0,0,0,0,0,0,0,0,0,0,0,0,EPIC 212294561,2MASS J13403530-1741430,EPIC 212294561.01,NA,CANDIDATE,205.14711,-17.695271,2.76294135,2457226.109408,0.052,0.1149167,NA,NA,NA,NA,NA
212301649,201.462143,-17.48313,14.056,0,0,0,0,0,0,0,0,0,1,0,0,0,0,0,0,0,0,0,0,0,0,0,0,0,0,EPIC 212301649,2MASS J13255091-1728592,EPIC 212301649.01,NA,CANDIDATE,201.462143,-17.48313,1.225,2457217.565,0.0224,0.37567,0.554,NA,NA,NA,NA
212303338,202.958832,-17.430704,9.957,0,0,0,0,0,0,0,0,0,1,0,0,0,0,0,0,0,0,0,0,0,0,0,0,0,0,EPIC 212303338,2MASS J13315010-1725505,EPIC 212303338.01,NA,CANDIDATE,202.958832,-17.430704,0.595621,2457218.39253,NA,NA,NA,84.352,0.583,5338,4.51
212311834,199.976639,-17.181145,14.679,0,0,0,0,0,0,0,0,0,1,0,0,0,0,0,0,0,0,0,0,0,0,0,0,0,0,EPIC 212311834,2MASS J13195439-1710521,EPIC 212311834.01,NA,CANDIDATE,199.976639,-17.181145,17.788652,2457233.41005,NA,0.1171,1.06,NA,47.8,NA,NA
212315941,203.087265,-17.061192,14.406,0,0,0,0,0,0,0,0,0,1,0,0,0,0,0,0,0,0,0,0,0,0,0,0,0,0,EPIC 212315941,2MASS J13322094-1703403,EPIC 212315941.01,NA,CANDIDATE,203.087265,-17.061192,12.9348816,2457226.55637,1.516,0.086,NA,NA,NA,NA,NA
212321305,204.641998,-16.910097,13.861,0,0,0,0,0,0,0,0,0,1,0,0,0,0,0,0,0,0,0,0,0,0,0,0,0,0,EPIC 212321305,2MASS J13383408-1654364,EPIC 212321305.01,NA,CANDIDATE,204.641998,-16.910097,34.144,2457228.926,0.2836,0.33013,0.196,NA,NA,NA,NA
212351026,201.686874,-16.10515,14.541,0,0,0,0,0,0,0,0,0,1,0,0,0,0,0,0,0,0,0,0,0,0,0,0,0,0,EPIC 212351026,2MASS J13264484-1606183,EPIC 212351026.01,NA,CANDIDATE,201.686874,-16.10515,2.548,2457218.171,0.2483,0.20429,0.423,NA,NA,NA,NA
212351026,201.686874,-16.10515,14.541,0,0,0,0,0,0,0,0,0,1,0,0,0,0,0,0,0,0,0,0,0,0,0,0,0,0,EPIC 212351026,2MASS J13264484-1606183,EPIC 212351026.01,NA,CANDIDATE,201.686874,-16.10515,2.55068936,2457225.785311,0.828,0.298125,NA,NA,NA,NA,NA
212351405,201.662933,-16.095001,13.995,0,0,0,0,0,0,0,0,0,1,0,0,0,0,0,0,0,0,0,0,0,0,0,0,0,0,EPIC 212351405,2MASS J13263909-1605419,EPIC 212351405.01,NA,CANDIDATE,201.662933,-16.095001,2.549,2457218.158,0.1961,0.15971,0.407,NA,NA,NA,NA
212351405,201.662933,-16.095001,13.995,0,0,0,0,0,0,0,0,0,1,0,0,0,0,0,0,0,0,0,0,0,0,0,0,0,0,EPIC 212351405,2MASS J13263909-1605419,EPIC 212351405.01,NA,CANDIDATE,201.662933,-16.095001,2.55234671,2457225.753212,0.63,0.2485833,NA,NA,NA,NA,NA
212370106,201.271866,-15.625073,14.563,0,0,0,0,0,0,0,0,0,1,0,0,0,0,0,0,0,0,0,0,0,0,0,0,0,0,EPIC 212370106,2MASS J13250524-1537303,EPIC 212370106.01,NA,CANDIDATE,201.271866,-15.625073,22.446,2457225.441,0.1546,0.145,0.011,NA,NA,NA,NA
212380207,200.356232,-15.377218,13.267,0,0,0,0,0,0,0,0,0,1,0,0,0,0,0,0,0,0,0,0,0,0,0,0,0,0,EPIC 212380207,2MASS J13212550-1522378,EPIC 212380207.01,NA,CANDIDATE,200.356232,-15.377218,26.147,2457241.871,0.0568,0.18088,0.094,NA,NA,NA,NA
213546283,289.376862,-29.049206,12.031,0,0,0,0,0,0,0,0,0,0,0,0,1,0,0,0,0,0,0,0,0,0,0,0,0,0,EPIC 213546283,2MASS J19173044-2902573,EPIC 213546283.01,NA,CANDIDATE,289.376862,-29.049206,9.769155,2457312.13114,NA,0.1242,0.48,NA,3.3,NA,NA
213546283,289.376862,-29.049206,12.031,0,0,0,0,0,0,0,0,0,0,0,0,1,0,0,0,0,0,0,0,0,0,0,0,0,0,EPIC 213546283,2MASS J19173044-2902573,EPIC 213546283.01,NA,CANDIDATE,289.376862,-29.049206,9.770186,2457302.35684,NA,NA,NA,88.885,3.193,5631,4.29
213703832,289.876739,-28.535585,13.87,0,0,0,0,0,0,0,0,0,0,0,0,1,0,0,0,0,0,0,0,0,0,0,0,0,0,EPIC 213703832,2MASS J19193041-2832081,EPIC 213703832.01,NA,CANDIDATE,289.87674,-28.535585,0.515513,2457311.46608,NA,0.0546,0.69,NA,3.4,NA,NA
213840781,290.561127,-28.11792,13.727,0,0,0,0,0,0,0,0,0,0,0,0,1,0,0,0,0,0,0,0,0,0,0,0,0,0,EPIC 213840781,2MASS J19221466-2807044,EPIC 213840781.01,NA,CANDIDATE,290.561127,-28.11792,12.364531,2457323.0274,NA,0.1192,1.03,NA,36.3,NA,NA
213920015,293.078705,-27.884281,10.021,0,0,0,0,0,0,0,0,0,0,0,0,1,0,0,0,0,0,0,0,0,0,0,0,0,0,EPIC 213920015,2MASS J19321887-2753040,EPIC 213920015.01,NA,CANDIDATE,293.078705,-27.884281,1.489184,2457311.37889,NA,0.0608,0.5,NA,1,NA,NA
220187552,19.975456,-0.48349,12.836,0,0,1,0,0,0,0,0,0,0,0,0,0,0,0,0,0,0,0,0,0,0,0,0,0,0,EPIC 220187552,2MASS J01195410-0029005,EPIC 220187552.01,NA,CANDIDATE,19.975456,-0.48349,17.093491,2457399.31466,NA,0.0942,1.2,NA,32.5,NA,NA
220192485,19.130703,-0.290045,11.758,0,0,1,0,0,0,0,0,0,0,0,0,0,0,0,0,0,0,0,0,0,0,0,0,0,0,EPIC 220192485,2MASS J01163136-0017241,EPIC 220192485.01,NA,CANDIDATE,19.130703,-0.290045,50.693644,2457409.2233,NA,NA,NA,89.481,8.683,5220,4.54
220207765,21.007797,0.274438,12.17,0,0,1,0,0,0,0,0,0,0,0,0,0,0,0,0,0,0,0,0,0,0,0,0,0,0,EPIC 220207765,2MASS J01240186+0016279,EPIC 220207765.01,NA,CANDIDATE,21.007797,0.274438,7.119856,2457396.42633,NA,NA,NA,89.052,1.88,5318,4.68
220209578,19.462019,0.341995,14.376,0,0,1,0,0,0,0,0,0,0,0,0,0,0,0,0,0,0,0,0,0,0,0,0,0,0,EPIC 220209578,2MASS J01175088+0020311,EPIC 220209578.01,NA,CANDIDATE,19.462019,0.341995,8.904519,2457394.76665,NA,0.1229,1.24,NA,36.9,NA,NA
228707509,187.357671,-10.985021,14.806,0,0,0,0,0,0,0,0,0,1,0,0,0,0,0,0,0,0,0,0,0,0,0,0,0,0,EPIC 228707509,2MASS J12292585-1059060,EPIC 228707509.01,NA,CANDIDATE,187.357666,-10.985021,15.35092,2457585.5093,2.386,0.15,0.63,NA,16.31,NA,NA
228720681,188.69683,-10.319662,13.763,0,0,0,0,0,0,0,0,0,1,0,0,0,0,0,0,0,0,0,0,0,0,0,0,0,0,EPIC 228720681,2MASS J12344723-1019107,EPIC 228720681.01,NA,CANDIDATE,188.696823,-10.319662,15.78132,2457586.4189,1.028,0.1417,0.68,NA,10.87,NA,NA
228729473,186.53452,-9.890216,11.524,0,0,0,0,0,0,0,0,0,1,0,0,0,0,0,0,0,0,0,0,0,0,0,0,0,0,EPIC 228729473,2MASS J12260828-0953247,EPIC 228729473.01,NA,CANDIDATE,186.534515,-9.890216,16.770556,2457585.7713,NA,NA,NA,86.74,13.24,4939,3.54
228737155,184.104058,-9.515914,11.081,0,0,0,0,0,0,0,0,0,1,0,0,0,0,0,0,0,0,0,0,0,0,0,0,0,0,EPIC 228737155,2MASS J12162497-0930572,EPIC 228737155.01,NA,CANDIDATE,184.104065,-9.515914,25.988289,2457591.1566,NA,NA,NA,67.063,316.734,4382,2.07
251380988,137.284865,23.520033,12.434,0,0,0,0,0,0,0,0,0,0,0,0,0,0,0,0,0,0,0,0,1,0,0,0,0,0,EPIC 251380988,2MASS J09090836+2331121,EPIC 251380988.01,NA,CANDIDATE,137.284866,23.520033,30.921004,2458107.20687,16.9142,0.2285,NA,NA,NA,6680,4.1
